{
  "strike_freq": 922.4007609996414,
  "strike_amp": 0.7802845173810239,
  "strike_harm_amp": 0.023272472910703102,
  "mode_freq": 1272.883111549395,
  "mode_amp": 0.08707047994157506,
  "body_freq_center": 441.2324948539387,
  "body_amp": 0.09790407730110777,
  "body_spread": 1.1247353148907946,
  "helmholtz_freq": 1398.876184417378,
  "helmholtz_amp": 0.2825193999010145,
  "brightness_amp": 0.7234950255524601,
  "brightness_freq": 2869.716124601751,
  "attack_time": 0.0002,
  "strike_decay": 210.74295218641873,
  "mode_decay": 334.5352349267677,
  "body_decay": 94.53215084133323,
  "foam_freq": 885.9899466598791,
  "foam_amp": 0.17660107672758202,
  "chirp_range": 429.0050817037561
}