{
  "scripts/reclip_and_fix.py": 1775630205.5076344,
  "scripts/clip_and_compare.py": 1775629941.3946903,
  "scripts/optimize_sound.py": 1775630955.1463497,
  "scripts/sound_analysis.py": 1775633596.845587,
  "scripts/synth_optimize.py": 1775637377.3335648,
  "scripts/tests/test_e2e_mcp.py": 1776182363.0071757,
  "scripts/tests/test_e2e_ultrafast.py": 1776182129.8095336,
  "scripts/tests/test_e2e_fast.py": 1776183401.3818746,
  "scripts/tests/test_posture_editor.py": 1776183416.7841008,
  "scripts/tests/test_e2e_playwright.py": 1775970144.5589116,
  "README.md": 1776037496.8668134,
  "CLAUDE.md": 1775966122.5384145,
  "docs/posture-editor-phase4-notes.md": 1775890568.8399308,
  "docs/ARCHITECTURE.md": 1776776793.727395,
  "docs/hit_button.md": 1775872194.2173986,
  "docs/ARCHITECTURE_TREE.md": 1776777031.80963,
  "docs/base-pose-editor-plan.md": 1775940218.6912956,
  "docs/e2e-testing-workflow.md": 1776183769.4570413,
  "docs/posture-editor-review.md": 1775891328.4592202,
  "docs/posture-editor-phase3-notes.md": 1775891055.4516072,
  "docs/trajectory-commit-system.md": 1775888200.4194038,
  "docs/posture-editor-phase4b-notes.md": 1775890711.552699,
  "docs/posture-editor-ui-audit.md": 1776335548.3800106,
  "docs/paddle-posture-audit.md": 1776035552.1512477,
  "docs/code_harmony_implementation_plan.md": 1775895989.0970147,
  "docs/posture-editor-usability-plan.md": 1775938472.934065,
  "docs/posture-editor-proposal.md": 1775888669.8056102,
  "docs/unused_variables_inventory.md": 1775903151.2630153,
  "docs/posture-editor-phase1-notes.md": 1775889073.1960375,
  "docs/base-pose-taxonomy.md": 1775940218.691057,
  "docs/base-pose-system-master-plan.md": 1775940218.6909275,
  "docs/base-pose-runtime-wiring.md": 1775940218.6911733,
  "docs/posture-editor-control-inventory.md": 1776337114.3626602,
  "docs/base-pose-validation-plan.md": 1775940218.6913855,
  "docs/posture-editor-enhancement-complete.md": 1775892533.462822,
  "docs/handovers/posture-editor-hover-fix.md": 1776473295.9864905,
  "docs/templates/handoff-template.md": 1776473451.929339,
  "graphify-out/graph.html": 1776871923.062846,
  "graphify-out/GRAPH_REPORT.md": 1776871914.553605,
  "icon.svg": 1775536901.1857834,
  "audio_analysis/court_bounce_fast.png": 1775633611.458937,
  "audio_analysis/comparison_serve.png": 1775629955.3554642,
  "audio_analysis/paddle_volley.png": 1775633610.6552467,
  "audio_analysis/optimized_comparison.png": 1775630998.3418603,
  "audio_analysis/comparison_thock_slow.png": 1775629954.6494458,
  "audio_analysis/paddle_serve.png": 1775633610.9595182,
  "audio_analysis/comparison_volley.png": 1775629955.5834897,
  "audio_analysis/master_comparison_v2.png": 1775633614.077202,
  "audio_analysis/paddle_thock_fast.png": 1775633610.5006013,
  "audio_analysis/paddle_smash.png": 1775633610.8078978,
  "audio_analysis/court_bounce_slow.png": 1775633611.1339636,
  "audio_analysis/comparison_smash.png": 1775629955.1116004,
  "audio_analysis/comparison_thock_fast.png": 1775629954.8801942,
  "audio_analysis/paddle_thock_slow.png": 1775633610.3358283,
  "audio_analysis/court_bounce_medium.png": 1775633611.2875125,
  "audio_analysis/reference_best_hits.png": 1775629955.893187,
  "audio_analysis/paddle_serve.wav": 1775633610.8390021,
  "audio_analysis/paddle_thock_fast.wav": 1775633610.369081,
  "audio_analysis/reference.wav": 1775629829.3711119,
  "audio_analysis/paddle_volley.wav": 1775633610.53362,
  "audio_analysis/optimized_thock.wav": 1775630998.1577802,
  "audio_analysis/court_bounce_fast.wav": 1775633611.3188126,
  "audio_analysis/paddle_thock_slow.wav": 1775633610.1798608,
  "audio_analysis/court_bounce_medium.wav": 1775633611.1650877,
  "audio_analysis/court_bounce_slow.wav": 1775633610.990532,
  "audio_analysis/paddle_smash.wav": 1775633610.6873593,
  "audio_analysis/best_hits/best_paddle_1.wav": 1775629954.4299898,
  "audio_analysis/best_hits/best_paddle_3.wav": 1775629954.4301414,
  "audio_analysis/best_hits/best_paddle_2.wav": 1775629954.430064,
  "audio_analysis/best_hits/best_paddle_5.wav": 1775629954.4303102,
  "audio_analysis/best_hits/best_paddle_4.wav": 1775629954.43022,
  "audio_analysis/reference_clips/hit_082_paddle_0.617.wav": 1775629954.4189806,
  "audio_analysis/reference_clips/hit_033_bounce_0.178.wav": 1775629954.4095962,
  "audio_analysis/reference_clips/hit_045_bounce_0.174.wav": 1775629954.4120076,
  "audio_analysis/reference_clips/hit_058_bounce_0.120.wav": 1775629954.4146206,
  "audio_analysis/reference_clips/hit_056_bounce_0.151.wav": 1775629954.4142752,
  "audio_analysis/reference_clips/hit_101_paddle_0.618.wav": 1775629954.422191,
  "audio_analysis/reference_clips/hit_086_paddle_0.216.wav": 1775629954.4195013,
  "audio_analysis/reference_clips/hit_123_bounce_0.167.wav": 1775629954.4269526,
  "audio_analysis/reference_clips/hit_097_paddle_0.847.wav": 1775629954.4214797,
  "audio_analysis/reference_clips/hit_076_paddle_0.929.wav": 1775629954.4181545,
  "audio_analysis/reference_clips/hit_121_bounce_0.287.wav": 1775629954.4264283,
  "audio_analysis/reference_clips/hit_136_bounce_0.112.wav": 1775629954.4297285,
  "audio_analysis/reference_clips/hit_089_paddle_0.969.wav": 1775629954.4200058,
  "audio_analysis/reference_clips/hit_051_bounce_0.158.wav": 1775629954.4133961,
  "audio_analysis/reference_clips/hit_074_bounce_0.203.wav": 1775629954.4177854,
  "audio_analysis/reference_clips/hit_067_bounce_0.192.wav": 1775629954.4165552,
  "audio_analysis/reference_clips/hit_001_paddle_0.349.wav": 1775629954.4040222,
  "audio_analysis/reference_clips/hit_005_paddle_0.991.wav": 1775629954.4046888,
  "audio_analysis/reference_clips/hit_131_bounce_0.118.wav": 1775629954.4287322,
  "audio_analysis/reference_clips/hit_003_bounce_0.245.wav": 1775629954.404361,
  "audio_analysis/reference_clips/hit_023_paddle_0.626.wav": 1775629954.4079113,
  "audio_analysis/reference_clips/hit_132_bounce_0.488.wav": 1775629954.4290762,
  "audio_analysis/reference_clips/hit_065_bounce_0.104.wav": 1775629954.4161255,
  "audio_analysis/reference_clips/hit_114_paddle_0.332.wav": 1775629954.4244592,
  "audio_analysis/reference_clips/hit_027_paddle_0.435.wav": 1775629954.4085166,
  "audio_analysis/reference_clips/hit_062_paddle_0.536.wav": 1775629954.4154344,
  "audio_analysis/reference_clips/hit_016_paddle_0.418.wav": 1775629954.406569,
  "audio_analysis/reference_clips/hit_084_bounce_0.450.wav": 1775629954.4192464,
  "audio_analysis/reference_clips/hit_008_paddle_0.692.wav": 1775629954.405424,
  "audio_analysis/reference_clips/hit_117_bounce_0.262.wav": 1775629954.425158,
  "audio_analysis/reference_clips/hit_038_bounce_0.142.wav": 1775629954.4104633,
  "audio_analysis/reference_clips/hit_099_paddle_0.617.wav": 1775629954.4217598,
  "audio_analysis/reference_clips/hit_025_bounce_0.466.wav": 1775629954.40826,
  "audio_analysis/reference_clips/hit_109_paddle_0.172.wav": 1775629954.4235954,
  "audio_analysis/reference_clips/hit_014_paddle_0.854.wav": 1775629954.40625,
  "audio_analysis/reference_clips/hit_095_paddle_0.250.wav": 1775629954.421109,
  "audio_analysis/reference_clips/hit_057_paddle_0.419.wav": 1775629954.4144225,
  "audio_analysis/reference_clips/hit_059_bounce_0.134.wav": 1775629954.4148185,
  "audio_analysis/reference_clips/hit_053_bounce_0.223.wav": 1775629954.4137168,
  "audio_analysis/reference_clips/hit_012_paddle_0.645.wav": 1775629954.4059434,
  "audio_analysis/reference_clips/hit_116_bounce_0.113.wav": 1775629954.4249434,
  "audio_analysis/reference_clips/hit_137_paddle_0.274.wav": 1775629954.4298472,
  "audio_analysis/reference_clips/hit_026_paddle_0.140.wav": 1775629954.408389,
  "audio_analysis/reference_clips/hit_119_bounce_0.276.wav": 1775629954.4258406,
  "audio_analysis/reference_clips/hit_037_bounce_0.120.wav": 1775629954.4102778,
  "audio_analysis/reference_clips/hit_055_bounce_0.112.wav": 1775629954.413963,
  "audio_analysis/reference_clips/hit_049_bounce_0.118.wav": 1775629954.4130533,